,group,fold,accuracy
0,ic,0,0.6941666666666667
1,ic,1,0.7120833333333333
2,ic,2,0.72
3,ic,3,0.715
4,ic,4,0.7141666666666666
5,ic,5,0.72875
6,ic,6,0.7375
7,ic,7,0.7125
8,ic,8,0.7154166666666667
9,ic,9,0.7087542087542088
