,group,fold,accuracy
0,disp,0,0.17958333333333334
1,disp,1,0.18083333333333335
2,disp,2,0.17458333333333334
3,disp,3,0.18125
4,disp,4,0.17
5,disp,5,0.17833333333333334
6,disp,6,0.18458333333333332
7,disp,7,0.18416666666666667
8,disp,8,0.18208333333333335
9,disp,9,0.18055555555555555
