,group,fold,accuracy
0,disp,0,0.19375
1,disp,1,0.18083333333333335
2,disp,2,0.18291666666666667
3,disp,3,0.19125
4,disp,4,0.18083333333333335
5,disp,5,0.18208333333333335
6,disp,6,0.16875
7,disp,7,0.17208333333333334
8,disp,8,0.17083333333333334
9,disp,9,0.17803030303030304
