,group,fold,accuracy
0,pca,0,0.68
1,pca,1,0.6816666666666666
2,pca,2,0.6754166666666667
3,pca,3,0.6775
4,pca,4,0.66625
5,pca,5,0.6933333333333334
6,pca,6,0.6941666666666667
7,pca,7,0.6475
8,pca,8,0.6470833333333333
9,pca,9,0.6527777777777778
