,group,fold,accuracy
0,basic,0,0.26916666666666667
1,basic,1,0.24166666666666667
2,basic,2,0.25166666666666665
3,basic,3,0.24666666666666667
4,basic,4,0.2925
5,basic,5,0.24791666666666667
6,basic,6,0.2525
7,basic,7,0.27
8,basic,8,0.23708333333333334
9,basic,9,0.25126262626262624
