,group,fold,accuracy
0,ic,0,0.8345833333333333
1,ic,1,0.8508333333333333
2,ic,2,0.8133333333333334
3,ic,3,0.835
4,ic,4,0.8041666666666667
5,ic,5,0.8370833333333333
6,ic,6,0.82625
7,ic,7,0.83375
8,ic,8,0.8379166666666666
9,ic,9,0.8438552188552189
