,group,fold,accuracy
0,ela_meta,0,0.6370833333333333
1,ela_meta,1,0.6616666666666666
2,ela_meta,2,0.65625
3,ela_meta,3,0.66375
4,ela_meta,4,0.6529166666666667
5,ela_meta,5,0.645
6,ela_meta,6,0.6645833333333333
7,ela_meta,7,0.6533333333333333
8,ela_meta,8,0.6529166666666667
9,ela_meta,9,0.6435185185185185
