,group,fold,accuracy
0,ic,0,0.79
1,ic,1,0.7916666666666666
2,ic,2,0.78
3,ic,3,0.8029166666666666
4,ic,4,0.7895833333333333
5,ic,5,0.79625
6,ic,6,0.7904166666666667
7,ic,7,0.7816666666666666
8,ic,8,0.7845833333333333
9,ic,9,0.7929292929292929
