,group,fold,accuracy
0,pca,0,0.5325
1,pca,1,0.5441666666666667
2,pca,2,0.5366666666666666
3,pca,3,0.5341666666666667
4,pca,4,0.5483333333333333
5,pca,5,0.5145833333333333
6,pca,6,0.5391666666666667
7,pca,7,0.54625
8,pca,8,0.5325
9,pca,9,0.5117845117845118
