,group,fold,accuracy
0,all,0,0.99375
1,all,1,0.9908333333333333
2,all,2,0.9975
3,all,3,0.995
4,all,4,0.9970833333333333
5,all,5,0.9945833333333334
6,all,6,0.9954166666666666
7,all,7,0.99625
8,all,8,0.9975
9,all,9,0.98989898989899
