,group,fold,accuracy
0,ela_distr,0,0.5
1,ela_distr,1,0.47833333333333333
2,ela_distr,2,0.47791666666666666
3,ela_distr,3,0.5133333333333333
4,ela_distr,4,0.4891666666666667
5,ela_distr,5,0.4970833333333333
6,ela_distr,6,0.47541666666666665
7,ela_distr,7,0.4820833333333333
8,ela_distr,8,0.5170833333333333
9,ela_distr,9,0.5063131313131313
