,group,fold,accuracy
0,disp,0,0.14083333333333334
1,disp,1,0.15875
2,disp,2,0.18041666666666667
3,disp,3,0.16625
4,disp,4,0.16125
5,disp,5,0.16916666666666666
6,disp,6,0.1875
7,disp,7,0.17375
8,disp,8,0.17833333333333334
9,disp,9,0.14646464646464646
