,group,fold,accuracy
0,ela_level,0,0.44
1,ela_level,1,0.475
2,ela_level,2,0.5229166666666667
3,ela_level,3,0.5225
4,ela_level,4,0.4845833333333333
5,ela_level,5,0.4533333333333333
6,ela_level,6,0.4425
7,ela_level,7,0.4791666666666667
8,ela_level,8,0.44916666666666666
9,ela_level,9,0.48358585858585856
