,group,fold,accuracy
0,nbc,0,0.5008333333333334
1,nbc,1,0.4995833333333333
2,nbc,2,0.4895833333333333
3,nbc,3,0.5208333333333334
4,nbc,4,0.48125
5,nbc,5,0.4945833333333333
6,nbc,6,0.49375
7,nbc,7,0.4975
8,nbc,8,0.48125
9,nbc,9,0.5126262626262627
