,group,fold,accuracy
0,ela_meta,0,0.7920833333333334
1,ela_meta,1,0.82875
2,ela_meta,2,0.8008333333333333
3,ela_meta,3,0.8020833333333334
4,ela_meta,4,0.8025
5,ela_meta,5,0.8041666666666667
6,ela_meta,6,0.81625
7,ela_meta,7,0.815
8,ela_meta,8,0.8033333333333333
9,ela_meta,9,0.827020202020202
