,group,fold,accuracy
0,ela_distr,0,0.5741666666666667
1,ela_distr,1,0.5483333333333333
2,ela_distr,2,0.5245833333333333
3,ela_distr,3,0.5666666666666667
4,ela_distr,4,0.5583333333333333
5,ela_distr,5,0.5508333333333333
6,ela_distr,6,0.55875
7,ela_distr,7,0.55875
8,ela_distr,8,0.5345833333333333
9,ela_distr,9,0.5601851851851852
