,group,fold,accuracy
0,all,0,0.9295833333333333
1,all,1,0.9545833333333333
2,all,2,0.9583333333333334
3,all,3,0.9520833333333333
4,all,4,0.9504166666666667
5,all,5,0.9504166666666667
6,all,6,0.9575
7,all,7,0.9558333333333333
8,all,8,0.9375
9,all,9,0.9541245791245792
