,group,fold,accuracy
0,ela_distr,0,0.575
1,ela_distr,1,0.5908333333333333
2,ela_distr,2,0.5929166666666666
3,ela_distr,3,0.5954166666666667
4,ela_distr,4,0.5804166666666667
5,ela_distr,5,0.5866666666666667
6,ela_distr,6,0.585
7,ela_distr,7,0.4995833333333333
8,ela_distr,8,0.57625
9,ela_distr,9,0.5892255892255892
