,group,fold,accuracy
0,ela_meta,0,0.7245833333333334
1,ela_meta,1,0.7116666666666667
2,ela_meta,2,0.7145833333333333
3,ela_meta,3,0.7091666666666666
4,ela_meta,4,0.6754166666666667
5,ela_meta,5,0.7075
6,ela_meta,6,0.7141666666666666
7,ela_meta,7,0.7045833333333333
8,ela_meta,8,0.6929166666666666
9,ela_meta,9,0.7167508417508418
