,group,fold,accuracy
0,all,0,0.9745833333333334
1,all,1,0.9895833333333334
2,all,2,0.99
3,all,3,0.99125
4,all,4,0.99125
5,all,5,0.9879166666666667
6,all,6,0.9954166666666666
7,all,7,0.985
8,all,8,0.9870833333333333
9,all,9,0.9915824915824916
