,group,fold,accuracy
0,all,0,0.9354166666666667
1,all,1,0.9416666666666667
2,all,2,0.9233333333333333
3,all,3,0.9320833333333334
4,all,4,0.9320833333333334
5,all,5,0.93625
6,all,6,0.945
7,all,7,0.9379166666666666
8,all,8,0.9416666666666667
9,all,9,0.9444444444444444
