,group,fold,accuracy
0,nbc,0,0.45125
1,nbc,1,0.47333333333333333
2,nbc,2,0.46458333333333335
3,nbc,3,0.455
4,nbc,4,0.4525
5,nbc,5,0.4579166666666667
6,nbc,6,0.45916666666666667
7,nbc,7,0.4575
8,nbc,8,0.47625
9,nbc,9,0.4810606060606061
