,group,fold,accuracy
0,nbc,0,0.4766666666666667
1,nbc,1,0.4895833333333333
2,nbc,2,0.4895833333333333
3,nbc,3,0.48625
4,nbc,4,0.4608333333333333
5,nbc,5,0.47458333333333336
6,nbc,6,0.4791666666666667
7,nbc,7,0.4691666666666667
8,nbc,8,0.47041666666666665
9,nbc,9,0.48737373737373735
