,group,fold,accuracy
0,ela_distr,0,0.5225
1,ela_distr,1,0.52875
2,ela_distr,2,0.5345833333333333
3,ela_distr,3,0.5320833333333334
4,ela_distr,4,0.52
5,ela_distr,5,0.5291666666666667
6,ela_distr,6,0.5045833333333334
7,ela_distr,7,0.49375
8,ela_distr,8,0.545
9,ela_distr,9,0.5458754208754208
