,group,fold,accuracy
0,disp,0,0.10375
1,disp,1,0.11875
2,disp,2,0.1125
3,disp,3,0.13416666666666666
4,disp,4,0.12291666666666666
5,disp,5,0.12333333333333334
6,disp,6,0.12583333333333332
7,disp,7,0.12416666666666666
8,disp,8,0.12291666666666666
9,disp,9,0.117003367003367
