,group,fold,accuracy
0,ela_level,0,0.5279166666666667
1,ela_level,1,0.5633333333333334
2,ela_level,2,0.6008333333333333
3,ela_level,3,0.6066666666666667
4,ela_level,4,0.6195833333333334
5,ela_level,5,0.6158333333333333
6,ela_level,6,0.60875
7,ela_level,7,0.5941666666666666
8,ela_level,8,0.5708333333333333
9,ela_level,9,0.5366161616161617
