,group,fold,accuracy
0,pca,0,0.57125
1,pca,1,0.58
2,pca,2,0.5766666666666667
3,pca,3,0.5645833333333333
4,pca,4,0.57
5,pca,5,0.5620833333333334
6,pca,6,0.575
7,pca,7,0.60125
8,pca,8,0.5741666666666667
9,pca,9,0.5698653198653199
