,group,fold,accuracy
0,ela_level,0,0.4945833333333333
1,ela_level,1,0.5183333333333333
2,ela_level,2,0.5429166666666667
3,ela_level,3,0.54125
4,ela_level,4,0.52875
5,ela_level,5,0.5220833333333333
6,ela_level,6,0.5520833333333334
7,ela_level,7,0.5175
8,ela_level,8,0.52125
9,ela_level,9,0.54503367003367
