,group,fold,accuracy
0,ela_meta,0,0.7658333333333334
1,ela_meta,1,0.7716666666666666
2,ela_meta,2,0.7258333333333333
3,ela_meta,3,0.7508333333333334
4,ela_meta,4,0.7454166666666666
5,ela_meta,5,0.76625
6,ela_meta,6,0.7808333333333334
7,ela_meta,7,0.7625
8,ela_meta,8,0.7579166666666667
9,ela_meta,9,0.752104377104377
