,group,fold,accuracy
0,basic,0,0.1825
1,basic,1,0.16625
2,basic,2,0.15708333333333332
3,basic,3,0.12291666666666666
4,basic,4,0.13166666666666665
5,basic,5,0.14791666666666667
6,basic,6,0.17333333333333334
7,basic,7,0.13666666666666666
8,basic,8,0.15625
9,basic,9,0.15151515151515152
