,group,fold,accuracy
0,basic,0,0.1975
1,basic,1,0.20791666666666667
2,basic,2,0.23458333333333334
3,basic,3,0.225
4,basic,4,0.235
5,basic,5,0.21583333333333332
6,basic,6,0.22625
7,basic,7,0.23541666666666666
8,basic,8,0.22583333333333333
9,basic,9,0.2037037037037037
