,group,fold,accuracy
0,basic,0,0.15708333333333332
1,basic,1,0.13958333333333334
2,basic,2,0.11625
3,basic,3,0.14708333333333334
4,basic,4,0.15916666666666668
5,basic,5,0.15291666666666667
6,basic,6,0.14333333333333334
7,basic,7,0.11875
8,basic,8,0.16291666666666665
9,basic,9,0.16245791245791247
