,group,fold,accuracy
0,pca,0,0.5833333333333334
1,pca,1,0.5916666666666667
2,pca,2,0.57625
3,pca,3,0.56875
4,pca,4,0.5841666666666666
5,pca,5,0.59625
6,pca,6,0.5775
7,pca,7,0.5841666666666666
8,pca,8,0.5808333333333333
9,pca,9,0.5774410774410774
