,group,fold,accuracy
0,ic,0,0.9029166666666667
1,ic,1,0.8983333333333333
2,ic,2,0.9175
3,ic,3,0.90875
4,ic,4,0.8904166666666666
5,ic,5,0.8966666666666666
6,ic,6,0.91375
7,ic,7,0.81625
8,ic,8,0.89625
9,ic,9,0.9124579124579124
