,group,fold,accuracy
0,ela_level,0,0.6058333333333333
1,ela_level,1,0.66875
2,ela_level,2,0.6816666666666666
3,ela_level,3,0.69375
4,ela_level,4,0.69125
5,ela_level,5,0.7008333333333333
6,ela_level,6,0.6929166666666666
7,ela_level,7,0.6808333333333333
8,ela_level,8,0.67625
9,ela_level,9,0.6561447811447811
