,group,fold,accuracy
0,nbc,0,0.5629166666666666
1,nbc,1,0.5629166666666666
2,nbc,2,0.58375
3,nbc,3,0.565
4,nbc,4,0.5945833333333334
5,nbc,5,0.5854166666666667
6,nbc,6,0.5975
7,nbc,7,0.5875
8,nbc,8,0.5808333333333333
9,nbc,9,0.5782828282828283
